1 Asterix 14.99 Albert_Rene AST001 Francia 50 FALSO Comic_de_aventuras_humoristicas_creado_por_Rene_Goscinny_y_Albert_Uderzo
2 Tintin 19.99 Casterman TIN001 Belgica 30 FALSO Serie_de_comics_de_aventuras_creada_por_el_dibujante_belga_Herge
3 Lucky_Luke 24.99 Dupuis LL001 Belgica 20 FALSO Comic_de_vaqueros_creado_por_el_dibujante_belga_Morris
4 Corto_Maltes 18.50 Casterman CM001 Italia 40 FALSO Serie_de_comics_de_aventuras_creada_por_Hugo_Pratt
5 Valerian_y_Laureline 12.99 Dargaud VL001 Francia 60 FALSO Serie_de_comics_de_ciencia_ficcion_creada_por_Pierre_Christin_y_Jean-Claude_Mezieres
6 Blueberry 16.75 Dargaud BB001 Francia 25 FALSO Serie_de_comics_de_vaqueros_creada_por_Jean-Michel_Charlier_y_Jean_Giraud
7 Los_Pitufos 14.99 Dupuis PIT001 Belgica 35 FALSO Serie_de_comics_creada_por_el_dibujante_belga_Peyo
8 Blake_y_Mortimer 17.25 Lombard BM001 Belgica 45 FALSO Serie_de_comics_de_ciencia_ficcion_creada_por_el_dibujante_belga_Edgar_P._Jacobs
9 XIII 21.00 Dargaud XIII001 Francia 15 FALSO Serie_de_comics_de_espias_y_accion_creada_por_Jean_Van_Hamme_y_William_Vance
10 Spirou_y_Fantasio 20.50 Dupuis SF001 Belgica 22 FALSO Serie_de_comics_de_aventuras_creada_por_Rob-Vel_y_continuada_por_otros_autores
11 One_Piece 15.99 Shueisha OP001 Japon 50 FALSO Manga_de_piratas_escrito_e_ilustrado_por_Eiichiro_Oda
12 Naruto 19.99 Shueisha NA001 Japon 30 FALSO Manga_de_ninjas_creado_por_Masashi_Kishimoto
13 Dragon_Ball 24.99 Shueisha DB001 Japon 20 FALSO Manga_de_aventuras_escrito_e_ilustrado_por_Akira_Toriyama
14 Attack_on_Titan 18.50 Kodansha AOT001 Japon 40 FALSO Manga_de_accion_y_fantasia_escrito_e_ilustrado_por_Hajime_Isayama
15 Death_Note 12.99 Shueisha DN001 Japon 60 FALSO Manga_de_misterio_y_thriller_escrito_por_Tsugumi_Ohba_e_ilustrado_por_Takeshi_Obata
16 My_Hero_Academia 16.75 Shueisha MHA001 Japon 25 FALSO Manga_de_superheroes_escrito_e_ilustrado_por_K?hei_Horikoshi
17 Demon_Slayer 14.99 Shueisha DS001 Japon 35 FALSO Manga_de_aventuras_y_demonios_escrito_e_ilustrado_por_Koyoharu_Gotouge
18 Fullmetal_Alchemist 17.25 Square_Enix FMA001 Japon 45 FALSO Manga_de_fantasia_y_aventura_escrito_e_ilustrado_por_Hiromu_Arakawa
19 Tokyo_Ghoul 21.00 Shueisha TG001 Japon 15 FALSO Manga_de_horror_y_thriller_escrito_e_ilustrado_por_Sui_Ishida
20 One_Punch-Man 20.50 Shueisha OPM001 Japon 22 FALSO Manga_de_superheroes_y_comedia_escrito_por_ONE_e_ilustrado_por_Yusuke_Murata
21 Sailor_Moon 14.75 Kodansha SM001 Japon 28 FALSO Manga_de_magical_girls_escrito_e_ilustrado_por_Naoko_Takeuchi
22 Tokyo_Revengers 23.99 Kodansha TR001 Japon 18 FALSO Manga_de_viajes_en_el_tiempo_y_pandillas_escrito_e_ilustrado_por_Ken_Wakui
23 Hunter_�_Hunter 17.50 Shueisha HXH001 Japon 33 FALSO Manga_de_aventuras_y_accion_escrito_e_ilustrado_por_Yoshihiro_Togashi
24 Haikyuu!! 19.25 Shueisha HQ001 Japon 27 FALSO Manga_de_deportes_y_drama_escrito_e_ilustrado_por_Haruichi_Furudate
25 Demon_Slayer:_Kimetsu... 22.99 Shueisha DSKW001 Japon 20 FALSO Spin-off_de_Demon_Slayer_centrado_en_Kyojuro_Rengoku
26 Detective_Conan 18.75 Shogakukan DC001 Japon 25 FALSO Manga_de_misterio_y_detectives_escrito_e_ilustrado_por_Gosho_Aoyama
27 Black_Clover 16.99 Shueisha BC001 Japon 40 FALSO Manga_de_fantasia_y_aventura_escrito_e_ilustrado_por_Y?ki_Tabata
28 Jujutsu_Kaisen 20.25 Shueisha JJK001 Japon 23 FALSO Manga_de_accion_y_horror_escrito_e_ilustrado_por_Gege_Akutami
29 The_Promised_Neverland 19.50 Shueisha TPN001 Japon 29 FALSO Manga_de_misterio_y_suspenso_escrito_por_Kaiu_Shirai_e_ilustrado_por_Posuka_Demizu
30 Demon_Slayer:_Kimetsu... 15.25 Shueisha DSK001 Japon 35 FALSO Manga_de_aventuras_y_demonios_escrito_e_ilustrado_por_Koyoharu_Gotouge
31 Spider-Man 15.99 Marvel SM001 Latveria 50 FALSO Tomo_recopilatorio_de_comics_de_Spider-Man
32 Batman:_El_Regreso... 19.99 DC BROCO001 Gotham 30 FALSO Comic_de_Batman_escrito_y_dibujado_por_Frank_Miller
33 X-Men:_La_Era_de... 24.99 Marvel XMA002 Genosha 20 FALSO Saga_de_comics_de_X-Men_ambientada_en_un_mundo...
34 Watchmen 18.50 DC WATCH001 Inglaterra 40 FALSO Novela_grafica_escrita_por_Alan_Moore...
35 Saga 12.99 Image SAGA001 Freedonia 60 FALSO Saga_de_ciencia_ficcion/fantasia...
36 Sandman 16.75 DC SAND001 Atlantis 25 FALSO Serie_de_comics_escrita_por_Neil_Gaiman...
37 The_Walking_Dead 14.99 Image TWD001 Zombieland 35 FALSO Serie_de_comics_de_zombies_escrita_por...
38 Daredevil:_Born_Again 17.25 Marvel DD001 Hell's_Kitchen 45 FALSO Arco_argumental_de_Daredevil_escrito_por...
39 V_de_Vendetta 21.00 DC V001 Valverde 15 FALSO Novela_grafica_de_Alan_Moore...
40 The_Boys 20.50 Dynamite BOYS001 Freedonia 22 FALSO Serie_de_comics_escrita_por_Garth_Ennis...
41 Flash 14.75 DC FLASH001 Metropolis 28 FALSO Comic_de_superheroes_protagonizado_por_Flash...
42 Los_Vengadores 23.99 Marvel AVENG001 Wakanda 18 FALSO Equipo_de_superheroes_de_Marvel_Comics...
43 Superman 17.50 DC SM001 Krypton 33 FALSO El_legendario_heroe_de_DC_Comics...
44 Hellboy 19.25 Dark_Horse HB001 Inferno 27 FALSO Comic_de_Dark_Horse_Comics_creado_por_Mike_Mignola...
45 Wonder_Woman 22.99 DC WW001 Themyscira 20 FALSO La_princesa_amazona_y_guerrera_de_DC_Comics...
46 Los_Cuatro_Fantasticos 18.75 Marvel FF001 Latveria 25 FALSO Equipo_de_superheroes_de_Marvel_Comics...
47 Y:_El_ultimo_Hombre 16.99 Vertigo Y001 Utopia 40 FALSO Serie_de_comics_de_ciencia_ficcion_post-apocaliptica...
48 Invincible 20.25 Image INV001 Invinciblia 23 FALSO Serie_de_comics_de_superheroes_creada_por_Robert_Kirkman...
49 Green_Lantern 19.50 DC GL001 Oa 29 FALSO Miembro_del_Cuerpo_de_Green_Lanterns_de_DC_Comics...
50 Spawn 15.25 Image SPAWN001 Necrotopia 35 FALSO Comic_de_Image_Comics_creado_por_Todd_McFarlane...